<?xml version="1.0" encoding="UTF-8"?>
<doublecmd DCVersion="0.8.2 beta" ConfigVersion="10">
  <Toolbars>
    <MainToolbar>
      <Row>
        <Command>
          <ID>{C5ECFE69-5F6F-48F8-B160-B101D606B664}</ID>
          <Icon>view-refresh</Icon>
          <Command>cm_Refresh</Command>
        </Command>
        <Command>
          <ID>{15D95298-EEA0-47D3-A7F6-F0E60D6BE800}</ID>
          <Icon>utilities-terminal</Icon>
          <Command>cm_RunTerm</Command>
        </Command>
        <Command>
          <ID>{AF740527-CB12-41FB-A83D-C6EC63923C56}</ID>
          <Icon>list-add</Icon>
          <Command>cm_MarkPlus</Command>
        </Command>
        <Command>
          <ID>{E2A86252-29D9-4106-AB88-98A4B0DBECA6}</ID>
          <Icon>list-remove</Icon>
          <Command>cm_MarkMinus</Command>
        </Command>
        <Separator/>
        <Command>
          <ID>{DB34DF30-DEA7-4AAF-9229-BA5D929023EC}</ID>
          <Icon>package-x-generic</Icon>
          <Command>cm_PackFiles</Command>
        </Command>
        <Separator/>
        <Command>
          <ID>{7126D772-0F00-4997-940D-026694E5763F}</ID>
          <Icon>system-search</Icon>
          <Command>cm_Search</Command>
        </Command>
        <Separator/>
        <Command>
          <ID>{0B25AA92-87DD-425E-802B-799AE0C92915}</ID>
          <Icon>go-previous</Icon>
          <Command>cm_ViewHistoryPrev</Command>
        </Command>
        <Command>
          <ID>{278239F7-0D87-41A3-9DCB-3810B1A9278B}</ID>
          <Icon>go-next</Icon>
          <Command>cm_ViewHistoryNext</Command>
        </Command>
      </Row>
    </MainToolbar>
  </Toolbars>
  <Configuration Save="False" SortOrder="0">
    <UseConfigInProgramDir>False</UseConfigInProgramDir>
  </Configuration>
  <Language>
    <POFileName>doublecmd.en.po</POFileName>
  </Language>
  <Behaviours>
    <GoToRoot>False</GoToRoot>
    <RunInTerminalStayOpenCmd>x-terminal-emulator</RunInTerminalStayOpenCmd>
    <RunInTerminalStayOpenParams>-e sh -c '{command}; echo -n Press ENTER to exit... ; read a'</RunInTerminalStayOpenParams>
    <RunInTerminalCloseCmd>x-terminal-emulator</RunInTerminalCloseCmd>
    <RunInTerminalCloseParams>-e sh -c {command}</RunInTerminalCloseParams>
    <JustRunTerminal>x-terminal-emulator</JustRunTerminal>
    <JustRunTermParams/>
    <OnlyOneAppInstance>True</OnlyOneAppInstance>
    <LynxLike>True</LynxLike>
    <FileSizeFormat>0</FileSizeFormat>
    <FileSizeDigits>1</FileSizeDigits>
    <MinimizeToTray>False</MinimizeToTray>
    <AlwaysShowTrayIcon>False</AlwaysShowTrayIcon>
    <Mouse>
      <Selection Enabled="True">
        <Button>0</Button>
      </Selection>
      <SingleClickStart>0</SingleClickStart>
      <ScrollMode>1</ScrollMode>
      <WheelScrollLines>3</WheelScrollLines>
    </Mouse>
    <AutoFillColumns>True</AutoFillColumns>
    <AutoSizeColumn>0</AutoSizeColumn>
    <CustomColumnsChangeAllColumns>False</CustomColumnsChangeAllColumns>
    <BriefViewFileExtAligned>False</BriefViewFileExtAligned>
    <DateTimeFormat>dd/mm/yy</DateTimeFormat>
    <CutTextToColumnWidth>True</CutTextToColumnWidth>
    <ExtendCellWidth>False</ExtendCellWidth>
    <ShowSystemFiles>True</ShowSystemFiles>
    <ListFilesInThread>True</ListFilesInThread>
    <LoadIconsSeparately>True</LoadIconsSeparately>
    <DelayLoadingTabs>True</DelayLoadingTabs>
    <HighlightUpdatedFiles>True</HighlightUpdatedFiles>
    <DriveBlackList/>
    <DriveBlackListUnmounted>False</DriveBlackListUnmounted>
  </Behaviours>
  <Tools>
    <Viewer Enabled="True">
      <Path>/usr/bin/geany</Path>
      <Parameters/>
      <RunInTerminal>False</RunInTerminal>
      <KeepTerminalOpen>False</KeepTerminalOpen>
    </Viewer>
    <Editor Enabled="True">
      <Path>/usr/bin/gvim</Path>
      <Parameters>--remote-tab-silent</Parameters>
      <RunInTerminal>False</RunInTerminal>
      <KeepTerminalOpen>False</KeepTerminalOpen>
    </Editor>
    <Differ Enabled="False">
      <Path/>
      <Parameters/>
      <RunInTerminal>False</RunInTerminal>
      <KeepTerminalOpen>False</KeepTerminalOpen>
      <FramePosAfterComp>0</FramePosAfterComp>
    </Differ>
  </Tools>
  <Fonts>
    <Main>
      <Name>Serif</Name>
      <Size>11</Size>
      <Style>0</Style>
      <Quality>0</Quality>
    </Main>
    <Editor>
      <Name>Monospace</Name>
      <Size>12</Size>
      <Style>0</Style>
      <Quality>0</Quality>
    </Editor>
    <Viewer>
      <Name>Monospace</Name>
      <Size>12</Size>
      <Style>0</Style>
      <Quality>0</Quality>
    </Viewer>
    <Log>
      <Name>Monospace</Name>
      <Size>12</Size>
      <Style>0</Style>
      <Quality>0</Quality>
    </Log>
    <ViewerBook>
      <Name>default</Name>
      <Size>12</Size>
      <Style>1</Style>
      <Quality>0</Quality>
    </ViewerBook>
    <OptionsTree>
      <Name>default</Name>
      <Size>10</Size>
      <Style>0</Style>
      <Quality>0</Quality>
    </OptionsTree>
    <OptionsMain>
      <Name>default</Name>
      <Size>10</Size>
      <Style>0</Style>
      <Quality>0</Quality>
    </OptionsMain>
    <SearchResults>
      <Name>default</Name>
      <Size>14</Size>
      <Style>0</Style>
      <Quality>0</Quality>
    </SearchResults>
    <PathEdit>
      <Name>default</Name>
      <Size>10</Size>
      <Style>0</Style>
      <Quality>0</Quality>
    </PathEdit>
    <FunctionButtons>
      <Name>default</Name>
      <Size>8</Size>
      <Style>0</Style>
      <Quality>0</Quality>
    </FunctionButtons>
    <Console>
      <Name>Monospace</Name>
      <Size>12</Size>
      <Style>0</Style>
      <Quality>0</Quality>
    </Console>
  </Fonts>
  <Colors>
    <Foreground>52224</Foreground>
    <Background>3552822</Background>
    <Background2>4408132</Background2>
    <Mark>255</Mark>
    <Cursor>10789024</Cursor>
    <CursorText>-2147483634</CursorText>
    <UseInvertedSelection>False</UseInvertedSelection>
    <InactivePanelBrightness>100</InactivePanelBrightness>
    <UseFrameCursor>False</UseFrameCursor>
    <FreeSpaceIndicator>
      <ForeColor>0</ForeColor>
      <BackColor>16777215</BackColor>
      <UseGradient>True</UseGradient>
    </FreeSpaceIndicator>
    <FileFilters/>
    <UseCursorBorder>False</UseCursorBorder>
    <CursorBorderColor>-2147483635</CursorBorderColor>
    <InactiveCursor>-2147483645</InactiveCursor>
    <InactiveMark>128</InactiveMark>
    <UseInactiveSelColor>False</UseInactiveSelColor>
    <AllowOverColor>True</AllowOverColor>
    <gBorderFrameWidth>1</gBorderFrameWidth>
  </Colors>
  <ToolTips>
    <ShowToolTipMode>False</ShowToolTipMode>
    <CustomFields/>
  </ToolTips>
  <Layout>
    <MainMenu>True</MainMenu>
    <ButtonBar Enabled="False">
      <FlatIcons>True</FlatIcons>
      <ButtonHeight>24</ButtonHeight>
      <IconSize>16</IconSize>
      <ReportErrorWithCommands>False</ReportErrorWithCommands>
    </ButtonBar>
    <DriveBar1>False</DriveBar1>
    <DriveBar2>False</DriveBar2>
    <DriveBarFlat>False</DriveBarFlat>
    <DrivesListButton Enabled="True">
      <ShowLabel>True</ShowLabel>
      <ShowFileSystem>True</ShowFileSystem>
      <ShowFreeSpace>True</ShowFreeSpace>
    </DrivesListButton>
    <SeparateTree>False</SeparateTree>
    <DirectoryTabs>True</DirectoryTabs>
    <CurrentDirectory>True</CurrentDirectory>
    <TabHeader>True</TabHeader>
    <StatusBar>True</StatusBar>
    <CmdLine>False</CmdLine>
    <LogWindow>False</LogWindow>
    <TermWindow>False</TermWindow>
    <KeyButtons>False</KeyButtons>
    <InterfaceFlat>True</InterfaceFlat>
    <DriveFreeSpace>True</DriveFreeSpace>
    <DriveIndicator>False</DriveIndicator>
    <ProgressInMenuBar>True</ProgressInMenuBar>
    <PanelOfOperationsInBackground>True</PanelOfOperationsInBackground>
    <HorizontalFilePanels>False</HorizontalFilePanels>
    <ShortFormatDriveInfo>False</ShortFormatDriveInfo>
  </Layout>
  <FilesViews>
    <Sorting>
      <CaseSensitivity>0</CaseSensitivity>
      <NaturalSorting>False</NaturalSorting>
      <SortFolderMode>0</SortFolderMode>
      <NewFilesPosition>2</NewFilesPosition>
      <UpdatedFilesPosition>2</UpdatedFilesPosition>
    </Sorting>
    <ColumnsView>
      <AutoSaveWidth>True</AutoSaveWidth>
      <TitleStyle>1</TitleStyle>
    </ColumnsView>
    <BriefView>
      <FileExtAligned>False</FileExtAligned>
      <Columns>
        <FixedWidth>100</FixedWidth>
        <FixedCount>2</FixedCount>
        <AutoSize>2</AutoSize>
      </Columns>
    </BriefView>
    <ExtraLineSpan>2</ExtraLineSpan>
  </FilesViews>
  <Keyboard>
    <Typing>
      <Actions>
        <NoModifier>2</NoModifier>
        <Alt>0</Alt>
        <CtrlAlt>0</CtrlAlt>
      </Actions>
    </Typing>
  </Keyboard>
  <FileOperations>
    <BufferSize>524288</BufferSize>
    <UseMmapInSearch>False</UseMmapInSearch>
    <PartialNameSearch>True</PartialNameSearch>
    <WipePassNumber>1</WipePassNumber>
    <DropReadOnlyFlag>False</DropReadOnlyFlag>
    <ProcessComments>True</ProcessComments>
    <RenameSelOnlyName>False</RenameSelOnlyName>
    <ShowCopyTabSelectPanel>False</ShowCopyTabSelectPanel>
    <UseTrash>True</UseTrash>
    <SkipFileOpError>False</SkipFileOpError>
    <ShowDialogOnDragDrop>False</ShowDialogOnDragDrop>
    <OverwriteFolder>False</OverwriteFolder>
    <ProgressKind>0</ProgressKind>
    <Confirmations>15</Confirmations>
    <Options>
      <Symlink>0</Symlink>
      <CorrectLinks>False</CorrectLinks>
      <FileExists>0</FileExists>
      <DirectoryExists>0</DirectoryExists>
      <SetPropertyError>0</SetPropertyError>
      <ReserveSpace>False</ReserveSpace>
      <CheckFreeSpace>True</CheckFreeSpace>
      <CopyAttributes>True</CopyAttributes>
      <CopyTime>True</CopyTime>
      <CopyOwnership>True</CopyOwnership>
      <Verify>False</Verify>
      <CopyPermissions>False</CopyPermissions>
      <ExcludeEmptyTemplateDirectories>True</ExcludeEmptyTemplateDirectories>
    </Options>
    <HashBufferSize>8388608</HashBufferSize>
    <InitiallyClearFileMask>True</InitiallyClearFileMask>
    <NewSearchClearFiltersAction>0</NewSearchClearFiltersAction>
    <ShowMenuBarInFindFiles>True</ShowMenuBarInFindFiles>
    <TypeOfDuplicatedRename>0</TypeOfDuplicatedRename>
    <DragAndDropTextRichtextDesireLevel>0</DragAndDropTextRichtextDesireLevel>
    <DragAndDropTextHtmlDesireLevel>1</DragAndDropTextHtmlDesireLevel>
    <DragAndDropTextUnicodeDesireLevel>2</DragAndDropTextUnicodeDesireLevel>
    <DragAndDropTextSimpletextDesireLevel>3</DragAndDropTextSimpletextDesireLevel>
    <DragAndDropAskFormatEachTime>False</DragAndDropAskFormatEachTime>
    <DragAndDropTextAutoFilename>False</DragAndDropTextAutoFilename>
    <DragAndDropSaveUnicodeTextInUFT8>True</DragAndDropSaveUnicodeTextInUFT8>
    <NtfsHourTimeDelay>False</NtfsHourTimeDelay>
    <AutoExtractOpenMask/>
    <SearchDefaultTemplate/>
  </FileOperations>
  <Tabs>
    <Options>49937</Options>
    <CharacterLimit>32</CharacterLimit>
    <Position>0</Position>
    <OpenedTabs>
      <Left>
        <ActiveTab>0</ActiveTab>
        <Tab>
          <FileView Type="columns">
            <Sortings>
              <Sorting>
                <Direction>1</Direction>
                <Function>12</Function>
              </Sorting>
            </Sortings>
            <History>
              <Entry Active="True">
                <FileSource Type="FileSystem"/>
                <Paths>
                  <Path Filename="local">/home/pavel/development/the_source/srce-hyb2/env/</Path>
                  <Path Filename="env">/home/pavel/development/the_source/srce-hyb2/</Path>
                  <Path Filename="hybris">/home/pavel/development/the_source/</Path>
                  <Path Filename="config">/home/pavel/development/the_source/hybris/</Path>
                  <Path Filename="..">/home/pavel/development/the_source/hybris/config/</Path>
                  <Path Filename="..">/home/pavel/development/the_source/hybris/</Path>
                  <Path Filename="srce-hyb2">/home/pavel/development/the_source/</Path>
                  <Path Filename="hybris">/home/pavel/development/the_source/srce-hyb2/</Path>
                  <Path Filename="bin">/home/pavel/development/the_source/srce-hyb2/hybris/</Path>
                  <Path Filename="custom">/home/pavel/development/the_source/srce-hyb2/hybris/bin/</Path>
                  <Path Filename="ts">/home/pavel/development/the_source/srce-hyb2/hybris/bin/custom/</Path>
                  <Path Filename="tsmigration">/home/pavel/development/the_source/srce-hyb2/hybris/bin/custom/ts/</Path>
                  <Path Filename="resources">/home/pavel/development/the_source/srce-hyb2/hybris/bin/custom/ts/tsmigration/</Path>
                  <Path Filename="tsmigration">/home/pavel/development/the_source/srce-hyb2/hybris/bin/custom/ts/tsmigration/resources/</Path>
                  <Path Filename="release_20.0">/home/pavel/development/the_source/srce-hyb2/hybris/bin/custom/ts/tsmigration/resources/tsmigration/</Path>
                  <Path Filename="tsmigration">/home/pavel/development/the_source/srce-hyb2/hybris/bin/custom/ts/tsmigration/resources/</Path>
                  <Path Filename="resources">/home/pavel/development/the_source/srce-hyb2/hybris/bin/custom/ts/tsmigration/</Path>
                  <Path Filename="tsmigration">/home/pavel/development/the_source/srce-hyb2/hybris/bin/custom/ts/</Path>
                  <Path Filename="ts">/home/pavel/development/the_source/srce-hyb2/hybris/bin/custom/</Path>
                  <Path Filename="custom">/home/pavel/development/the_source/srce-hyb2/hybris/bin/</Path>
                  <Path Filename="bin">/home/pavel/development/the_source/srce-hyb2/hybris/</Path>
                  <Path Filename="hybris">/home/pavel/development/the_source/srce-hyb2/</Path>
                  <Path Filename="..">/home/pavel/development/the_source/</Path>
                  <Path Filename="the_source">/home/pavel/development/</Path>
                  <Path Filename="..">/home/pavel/development/the_source/</Path>
                  <Path Filename="the_source">/home/pavel/development/</Path>
                  <Path Filename="development">/home/pavel/</Path>
                  <Path Filename="pavel">/home/</Path>
                  <Path Filename="mnt">/</Path>
                  <Path Filename="..">/mnt/</Path>
                  <Path Filename="media">/</Path>
                  <Path Filename="DATA">/media/</Path>
                  <Path Filename="development">/media/DATA/</Path>
                  <Path Filename="the-source-project">/media/DATA/development/</Path>
                  <Path Filename="srce-hyb2-environment-setup">/media/DATA/development/the-source-project/</Path>
                  <Path Filename="setup">/media/DATA/development/the-source-project/srce-hyb2-environment-setup/</Path>
                  <Path Filename="hybris_package">/media/DATA/development/the-source-project/srce-hyb2-environment-setup/setup/</Path>
                  <Path Filename="..">/media/DATA/development/the-source-project/srce-hyb2-environment-setup/setup/hybris_package/</Path>
                  <Path Filename="hybris_package">/media/DATA/development/the-source-project/srce-hyb2-environment-setup/setup/</Path>
                  <Path Filename="hybris_package">/media/DATA/development/the-source-project/srce-hyb2-environment-setup/</Path>
                  <Path Filename="hybris_package">/media/DATA/development/the-source-project/</Path>
                  <Path Filename="hybris_package">/media/DATA/development/</Path>
                  <Path Filename="hybris_package">/media/DATA/</Path>
                  <Path Filename="DATA">/media/</Path>
                  <Path Filename="home">/</Path>
                  <Path Filename="pavel">/home/</Path>
                  <Path Filename="applications">/home/pavel/</Path>
                  <Path Filename="Dropbox">/home/pavel/applications/</Path>
                  <Path Filename="Downloads">/home/pavel/</Path>
                  <Path Filename="1screenshot.png">/home/pavel/Downloads/</Path>
                </Paths>
              </Entry>
            </History>
            <ColumnsView>
              <ColumnsSet>Default</ColumnsSet>
            </ColumnsView>
          </FileView>
        </Tab>
        <Tab>
          <FileView Type="columns">
            <Sortings>
              <Sorting>
                <Direction>2</Direction>
                <Function>2</Function>
              </Sorting>
            </Sortings>
            <History>
              <Entry Active="True">
                <FileSource Type="FileSystem"/>
                <Paths>
                  <Path Filename="cargarantee">/media/DATA/development/</Path>
                  <Path Filename="documents">/media/DATA/</Path>
                  <Path Filename="Polski_krok_po_kroku_Tablice_gramatyczne.pdf">/media/DATA/documents/</Path>
                  <Path Filename="temp">/media/DATA/</Path>
                  <Path Filename="Technical Interview questions123.xlsx">/media/DATA/temp/</Path>
                  <Path Filename="documents">/media/DATA/</Path>
                  <Path Filename="epam">/media/DATA/documents/</Path>
                  <Path Filename="Self2.docx">/media/DATA/documents/epam/</Path>
                  <Path Filename="epam">/media/DATA/documents/</Path>
                  <Path Filename="documents">/media/DATA/</Path>
                  <Path Filename="epam">/media/DATA/documents/</Path>
                  <Path Filename="Technical Interview questions123.xlsx">/media/DATA/documents/epam/</Path>
                  <Path Filename="epam">/media/DATA/documents/</Path>
                  <Path Filename="Technical Interview questions123.xlsx">/media/DATA/</Path>
                  <Path Filename="DATA">/media/</Path>
                  <Path Filename="media">/</Path>
                  <Path Filename="..">/media/</Path>
                  <Path Filename="media">/</Path>
                  <Path Filename="DATA">/media/</Path>
                  <Path Filename="development">/media/DATA/</Path>
                  <Path Filename="mtransfer2">/media/DATA/development/</Path>
                  <Path Filename="..">/media/DATA/development/mtransfer2/</Path>
                  <Path Filename="image-correct">/media/DATA/development/</Path>
                  <Path Filename=".gitignore">/media/DATA/development/image-correct/</Path>
                  <Path Filename="cargarantee">/media/DATA/development/</Path>
                  <Path Filename="cgbs-pricing">/media/DATA/development/cargarantee/</Path>
                  <Path Filename="cgbs-pricing-web">/media/DATA/development/cargarantee/cgbs-pricing/</Path>
                  <Path Filename="src">/media/DATA/development/cargarantee/cgbs-pricing/cgbs-pricing-web/</Path>
                  <Path Filename="main">/media/DATA/development/cargarantee/cgbs-pricing/cgbs-pricing-web/src/</Path>
                  <Path Filename="java">/media/DATA/development/cargarantee/cgbs-pricing/cgbs-pricing-web/src/main/</Path>
                  <Path Filename="com">/media/DATA/development/cargarantee/cgbs-pricing/cgbs-pricing-web/src/main/java/</Path>
                  <Path Filename="cargarantie">/media/DATA/development/cargarantee/cgbs-pricing/cgbs-pricing-web/src/main/java/com/</Path>
                  <Path Filename="api">/media/DATA/development/cargarantee/cgbs-pricing/cgbs-pricing-web/src/main/java/com/cargarantie/</Path>
                  <Path Filename="config">/media/DATA/development/cargarantee/cgbs-pricing/cgbs-pricing-web/src/main/java/com/cargarantie/api/</Path>
                  <Path Filename="..">/media/DATA/development/cargarantee/cgbs-pricing/cgbs-pricing-web/src/main/java/com/cargarantie/api/config/</Path>
                  <Path Filename="config">/media/DATA/development/cargarantee/cgbs-pricing/cgbs-pricing-web/src/main/java/com/cargarantie/api/</Path>
                  <Path Filename="api">/media/DATA/development/cargarantee/cgbs-pricing/cgbs-pricing-web/src/main/java/com/cargarantie/</Path>
                  <Path Filename="cargarantie">/media/DATA/development/cargarantee/cgbs-pricing/cgbs-pricing-web/src/main/java/com/</Path>
                  <Path Filename="com">/media/DATA/development/cargarantee/cgbs-pricing/cgbs-pricing-web/src/main/java/</Path>
                  <Path Filename="java">/media/DATA/development/cargarantee/cgbs-pricing/cgbs-pricing-web/src/main/</Path>
                  <Path Filename="main">/media/DATA/development/cargarantee/cgbs-pricing/cgbs-pricing-web/src/</Path>
                  <Path Filename="src">/media/DATA/development/cargarantee/cgbs-pricing/cgbs-pricing-web/</Path>
                  <Path Filename="cgbs-pricing-service">/media/DATA/development/cargarantee/cgbs-pricing/</Path>
                  <Path Filename="src">/media/DATA/development/cargarantee/cgbs-pricing/cgbs-pricing-service/</Path>
                  <Path Filename="main">/media/DATA/development/cargarantee/cgbs-pricing/cgbs-pricing-service/src/</Path>
                  <Path Filename="java">/media/DATA/development/cargarantee/cgbs-pricing/cgbs-pricing-service/src/main/</Path>
                  <Path Filename="com">/media/DATA/development/cargarantee/cgbs-pricing/cgbs-pricing-service/src/main/java/</Path>
                  <Path Filename="cargarantie">/media/DATA/development/cargarantee/cgbs-pricing/cgbs-pricing-service/src/main/java/com/</Path>
                  <Path Filename="api">/media/DATA/development/cargarantee/cgbs-pricing/cgbs-pricing-service/src/main/java/com/cargarantie/</Path>
                  <Path Filename="">/media/DATA/development/cargarantee/cgbs-pricing/cgbs-pricing-service/src/main/java/com/cargarantie/api/</Path>
                </Paths>
              </Entry>
            </History>
            <ColumnsView>
              <ColumnsSet>Default</ColumnsSet>
            </ColumnsView>
          </FileView>
        </Tab>
      </Left>
      <Right>
        <ActiveTab>1</ActiveTab>
        <Tab>
          <FileView Type="columns">
            <Sortings>
              <Sorting>
                <Direction>1</Direction>
                <Function>11</Function>
              </Sorting>
            </Sortings>
            <History>
              <Entry Active="True">
                <FileSource Type="FileSystem"/>
                <Paths>
                  <Path Filename="documents">/media/DATA/</Path>
                  <Path Filename="epam">/media/DATA/documents/</Path>
                  <Path Filename="Add a printer.lnk">/media/DATA/documents/epam/</Path>
                  <Path Filename="poland">/media/DATA/documents/</Path>
                  <Path Filename="karta pobutu">/media/DATA/documents/poland/</Path>
                  <Path Filename="correct">/media/DATA/documents/poland/karta pobutu/</Path>
                  <Path Filename="..">/media/DATA/documents/poland/karta pobutu/correct/</Path>
                  <Path Filename="..">/media/DATA/documents/poland/karta pobutu/</Path>
                  <Path Filename="insurance">/media/DATA/documents/poland/</Path>
                  <Path Filename="..">/media/DATA/documents/poland/insurance/</Path>
                  <Path Filename="flat rent">/media/DATA/documents/poland/</Path>
                  <Path Filename="..">/media/DATA/documents/poland/flat rent/</Path>
                  <Path Filename="pit">/media/DATA/documents/poland/</Path>
                  <Path Filename="poland">/media/DATA/documents/</Path>
                  <Path Filename="applications">/media/DATA/</Path>
                  <Path Filename="..">/media/DATA/applications/</Path>
                  <Path Filename="applications">/media/DATA/</Path>
                  <Path Filename="DATA">/media/</Path>
                  <Path Filename="home">/</Path>
                  <Path Filename="pavel">/home/</Path>
                  <Path Filename="Documents">/home/pavel/</Path>
                  <Path Filename="..">/home/pavel/Documents/</Path>
                  <Path Filename="applications">/home/pavel/</Path>
                  <Path Filename="Dropbox">/home/pavel/applications/</Path>
                  <Path Filename="mobile">/home/pavel/applications/Dropbox/</Path>
                  <Path Filename="staff">/home/pavel/applications/Dropbox/mobile/</Path>
                  <Path Filename="..">/home/pavel/applications/Dropbox/mobile/staff/</Path>
                  <Path Filename="staff">/home/pavel/applications/Dropbox/mobile/</Path>
                  <Path Filename="tools">/home/pavel/applications/Dropbox/</Path>
                  <Path Filename="..">/home/pavel/applications/Dropbox/tools/</Path>
                  <Path Filename="scopic">/home/pavel/applications/Dropbox/</Path>
                  <Path Filename="..">/home/pavel/applications/Dropbox/scopic/</Path>
                  <Path Filename="mobile">/home/pavel/applications/Dropbox/</Path>
                  <Path Filename="staff">/home/pavel/applications/Dropbox/mobile/</Path>
                  <Path Filename="..">/home/pavel/applications/Dropbox/mobile/staff/</Path>
                  <Path Filename="..">/home/pavel/applications/Dropbox/mobile/</Path>
                  <Path Filename="mobile">/home/pavel/applications/Dropbox/</Path>
                  <Path Filename="..">/home/pavel/applications/</Path>
                  <Path Filename="development">/home/pavel/</Path>
                  <Path Filename="the_source">/home/pavel/development/</Path>
                  <Path Filename="hybris">/home/pavel/development/the_source/</Path>
                  <Path Filename="bin">/home/pavel/development/the_source/hybris/</Path>
                  <Path Filename="platform">/home/pavel/development/the_source/hybris/bin/</Path>
                  <Path Filename="1.txt">/home/pavel/development/the_source/hybris/bin/platform/</Path>
                  <Path Filename="platform">/home/pavel/development/the_source/hybris/bin/</Path>
                  <Path Filename="bin">/home/pavel/development/the_source/hybris/</Path>
                  <Path Filename="hybris">/home/pavel/development/the_source/</Path>
                  <Path Filename="the_source">/home/pavel/development/</Path>
                  <Path Filename="applications">/home/pavel/</Path>
                  <Path Filename="">/home/pavel/applications/</Path>
                </Paths>
              </Entry>
            </History>
            <ColumnsView>
              <ColumnsSet>Default</ColumnsSet>
            </ColumnsView>
          </FileView>
        </Tab>
        <Tab>
          <FileView Type="columns">
            <Sortings>
              <Sorting>
                <Direction>1</Direction>
                <Function>11</Function>
              </Sorting>
            </Sortings>
            <History>
              <Entry Active="True">
                <FileSource Type="FileSystem"/>
                <Paths>
                  <Path Filename="..">/media/DATA/documents/epam/</Path>
                  <Path Filename="..">/media/DATA/documents/</Path>
                  <Path Filename="efi">/media/DATA/</Path>
                  <Path Filename="..">/media/DATA/efi/</Path>
                  <Path Filename="temp">/media/DATA/</Path>
                  <Path Filename="..">/media/DATA/temp/</Path>
                  <Path Filename="tools">/media/DATA/</Path>
                  <Path Filename="..">/media/DATA/tools/</Path>
                  <Path Filename="virtualization">/media/DATA/</Path>
                  <Path Filename="..">/media/DATA/virtualization/</Path>
                  <Path Filename="documents">/media/DATA/</Path>
                  <Path Filename="..">/media/DATA/documents/</Path>
                  <Path Filename="documents">/media/DATA/</Path>
                  <Path Filename="personal">/media/DATA/documents/</Path>
                  <Path Filename="cv">/media/DATA/documents/personal/</Path>
                  <Path Filename="..">/media/DATA/documents/personal/cv/</Path>
                  <Path Filename="..">/media/DATA/documents/personal/</Path>
                  <Path Filename="epam">/media/DATA/documents/</Path>
                  <Path Filename="Technical Interview questions1234.xlsx">/media/DATA/documents/epam/</Path>
                  <Path Filename="epam">/media/DATA/documents/</Path>
                  <Path Filename="applications">/media/DATA/</Path>
                  <Path Filename="..">/media/DATA/applications/</Path>
                  <Path Filename="development">/media/DATA/</Path>
                  <Path Filename="mtransfer">/media/DATA/development/</Path>
                  <Path Filename="target">/media/DATA/development/mtransfer/</Path>
                  <Path Filename="classes">/media/DATA/development/mtransfer/target/</Path>
                  <Path Filename="..">/media/DATA/development/mtransfer/target/classes/</Path>
                  <Path Filename="..">/media/DATA/development/mtransfer/target/</Path>
                  <Path Filename="target">/media/DATA/development/mtransfer/</Path>
                  <Path Filename="..">/media/DATA/development/mtransfer/target/</Path>
                  <Path Filename="target">/media/DATA/development/mtransfer/</Path>
                  <Path Filename="mtransfer">/media/DATA/development/</Path>
                  <Path Filename="mtransfer">/media/DATA/development/mtransfer/</Path>
                  <Path Filename="..">/media/DATA/development/mtransfer/mtransfer/</Path>
                  <Path Filename="pom.xml">/media/DATA/development/mtransfer/</Path>
                  <Path Filename="mtransfer">/media/DATA/development/</Path>
                  <Path Filename="target">/media/DATA/development/mtransfer/</Path>
                  <Path Filename="..">/media/DATA/development/mtransfer/target/</Path>
                  <Path Filename="target">/media/DATA/development/mtransfer/</Path>
                  <Path Filename="maven-archiver">/media/DATA/development/mtransfer/target/</Path>
                  <Path Filename=".idea">/media/DATA/development/mtransfer/</Path>
                  <Path Filename="..">/media/DATA/development/mtransfer/.idea/</Path>
                  <Path Filename="..">/media/DATA/development/mtransfer/</Path>
                  <Path Filename="mtransfer">/media/DATA/development/</Path>
                  <Path Filename="README.md">/media/DATA/development/mtransfer/</Path>
                  <Path Filename="mtransfer">/media/DATA/development/</Path>
                  <Path Filename="documents">/media/DATA/</Path>
                  <Path Filename="epam">/media/DATA/documents/</Path>
                  <Path Filename="..">/media/DATA/documents/epam/</Path>
                  <Path Filename="Iwona_Stempek_-_Krok_po_Kroku_Polski_A2_-_2012.pdf">/media/DATA/documents/</Path>
                </Paths>
              </Entry>
            </History>
            <ColumnsView>
              <ColumnsSet>Default</ColumnsSet>
            </ColumnsView>
          </FileView>
        </Tab>
      </Right>
    </OpenedTabs>
    <ActionOnDoubleClick>1</ActionOnDoubleClick>
  </Tabs>
  <Log Enabled="False" LogFileWithDateInName="False">
    <FileName>/home/touro/.config/doublecmd/doublecmd.log</FileName>
    <Options>0</Options>
  </Log>
  <History>
    <SearchReplaceHistory Save="True"/>
    <DirHistory Save="True"/>
    <CmdLineHistory Save="True"/>
    <FileMaskHistory Save="True"/>
  </History>
  <QuickSearch>
    <MatchBeginning>True</MatchBeginning>
    <MatchEnding>True</MatchEnding>
    <Case>1</Case>
    <Items>2</Items>
  </QuickSearch>
  <QuickFilter>
    <AutoHide>True</AutoHide>
    <SaveSessionModifications>False</SaveSessionModifications>
  </QuickFilter>
  <Miscellaneous>
    <GridVertLine>True</GridVertLine>
    <GridHorzLine>False</GridHorzLine>
    <ShowWarningMessages>True</ShowWarningMessages>
    <SpaceMovesDown>False</SpaceMovesDown>
    <DirBrackets>True</DirBrackets>
    <InplaceRename>False</InplaceRename>
    <DblClickToParent>False</DblClickToParent>
    <HotDirAddTargetOrNot>False</HotDirAddTargetOrNot>
    <HotDirFullExpandOrNot>False</HotDirFullExpandOrNot>
    <ShowPathInPopup>False</ShowPathInPopup>
    <ShowOnlyValidEnv>True</ShowOnlyValidEnv>
    <WhereToAddNewHotDir>2</WhereToAddNewHotDir>
  </Miscellaneous>
  <Thumbnails Save="False">
    <Width>128</Width>
    <Height>128</Height>
  </Thumbnails>
  <AutoRefresh>
    <Options>3</Options>
    <ExcludeDirs/>
    <Mode>0</Mode>
  </AutoRefresh>
  <Icons>
    <ShowMode>3</ShowMode>
    <ShowOverlays>False</ShowOverlays>
    <Size>16</Size>
    <Exclude>False</Exclude>
    <ExcludeDirs/>
    <ShowInMenus Enabled="False">
      <Size>16</Size>
    </ShowInMenus>
    <Theme>dctheme</Theme>
    <DiskSize>16</DiskSize>
    <DiskAlpha>50</DiskAlpha>
    <CustomIcons>0</CustomIcons>
    <PixelsPerInch>96</PixelsPerInch>
    <ShowButtonGlyphs>0</ShowButtonGlyphs>
  </Icons>
  <IgnoreList Enabled="False">
    <IgnoreListFile>/home/touro/.config/doublecmd/ignorelist.txt</IgnoreListFile>
  </IgnoreList>
  <DirectoryHotList/>
  <Viewer>
    <PreviewVisible>False</PreviewVisible>
    <ImageStretch>False</ImageStretch>
    <CopyMovePath1/>
    <CopyMovePath2/>
    <CopyMovePath3/>
    <CopyMovePath4/>
    <CopyMovePath5/>
    <PaintMode>Pen</PaintMode>
    <PaintWidth>5</PaintWidth>
    <NumberOfColumns>1</NumberOfColumns>
    <ViewerMode>0</ViewerMode>
    <PaintColor>255</PaintColor>
    <BackgroundColor>0</BackgroundColor>
    <FontColor>16777215</FontColor>
    <TextPosition>0</TextPosition>
    <ImageExifRotate>True</ImageExifRotate>
    <ImageStretchLargeOnly>False</ImageStretchLargeOnly>
    <ImageCenter>True</ImageCenter>
  </Viewer>
  <Lua>
    <PathToLibrary>liblua5.1.so.0</PathToLibrary>
  </Lua>
  <NameShortcutFile>shortcuts.scf</NameShortcutFile>
  <LastUsedPacker>zip</LastUsedPacker>
  <UseShellForFileOperations>False</UseShellForFileOperations>
  <SearchTemplates/>
  <ColumnsSets DefaultTitleHash="0">
    <ColumnsSet UseFrameCursor="False">
      <Name>Default</Name>
      <CustomView>False</CustomView>
      <PixelsPerInch>96</PixelsPerInch>
      <CursorBorder Enabled="False">
        <Color>-2147483635</Color>
      </CursorBorder>
      <Columns>
        <Column>
          <Title>Name</Title>
          <FuncString>[DC().GETFILENAMENOEXT{}]</FuncString>
          <Width>358</Width>
          <Align>0</Align>
          <Font>
            <Name>Serif</Name>
            <Size>11</Size>
            <Style>0</Style>
            <Quality>0</Quality>
          </Font>
          <TextColor>52224</TextColor>
          <Background>3552822</Background>
          <Background2>4408132</Background2>
          <MarkColor>255</MarkColor>
          <CursorColor>10789024</CursorColor>
          <CursorText>-2147483634</CursorText>
          <InactiveCursorColor>-2147483645</InactiveCursorColor>
          <InactiveMarkColor>255</InactiveMarkColor>
          <UseInvertedSelection>False</UseInvertedSelection>
          <UseInactiveSelColor>False</UseInactiveSelColor>
          <Overcolor>True</Overcolor>
        </Column>
        <Column>
          <Title>Ext</Title>
          <FuncString>[DC().GETFILEEXT{}]</FuncString>
          <Width>71</Width>
          <Align>2</Align>
          <Font>
            <Name>Serif</Name>
            <Size>11</Size>
            <Style>0</Style>
            <Quality>0</Quality>
          </Font>
          <TextColor>52224</TextColor>
          <Background>3552822</Background>
          <Background2>4408132</Background2>
          <MarkColor>255</MarkColor>
          <CursorColor>10789024</CursorColor>
          <CursorText>-2147483634</CursorText>
          <InactiveCursorColor>-2147483645</InactiveCursorColor>
          <InactiveMarkColor>255</InactiveMarkColor>
          <UseInvertedSelection>False</UseInvertedSelection>
          <UseInactiveSelColor>False</UseInactiveSelColor>
          <Overcolor>True</Overcolor>
        </Column>
        <Column>
          <Title>Size</Title>
          <FuncString>[DC().GETFILESIZE{}]</FuncString>
          <Width>89</Width>
          <Align>2</Align>
          <Font>
            <Name>Serif</Name>
            <Size>11</Size>
            <Style>0</Style>
            <Quality>0</Quality>
          </Font>
          <TextColor>52224</TextColor>
          <Background>3552822</Background>
          <Background2>4408132</Background2>
          <MarkColor>255</MarkColor>
          <CursorColor>10789024</CursorColor>
          <CursorText>-2147483634</CursorText>
          <InactiveCursorColor>-2147483645</InactiveCursorColor>
          <InactiveMarkColor>255</InactiveMarkColor>
          <UseInvertedSelection>False</UseInvertedSelection>
          <UseInactiveSelColor>False</UseInactiveSelColor>
          <Overcolor>True</Overcolor>
        </Column>
        <Column>
          <Title>Date</Title>
          <FuncString>[DC().GETFILETIME{}]</FuncString>
          <Width>117</Width>
          <Align>2</Align>
          <Font>
            <Name>Serif</Name>
            <Size>11</Size>
            <Style>0</Style>
            <Quality>0</Quality>
          </Font>
          <TextColor>52224</TextColor>
          <Background>3552822</Background>
          <Background2>4408132</Background2>
          <MarkColor>255</MarkColor>
          <CursorColor>10789024</CursorColor>
          <CursorText>-2147483634</CursorText>
          <InactiveCursorColor>-2147483645</InactiveCursorColor>
          <InactiveMarkColor>255</InactiveMarkColor>
          <UseInvertedSelection>False</UseInvertedSelection>
          <UseInactiveSelColor>False</UseInactiveSelColor>
          <Overcolor>True</Overcolor>
        </Column>
        <Column>
          <Title>Attr</Title>
          <FuncString>[DC().GETFILEATTR{}]</FuncString>
          <Width>120</Width>
          <Align>2</Align>
          <Font>
            <Name>Serif</Name>
            <Size>11</Size>
            <Style>0</Style>
            <Quality>0</Quality>
          </Font>
          <TextColor>52224</TextColor>
          <Background>3552822</Background>
          <Background2>4408132</Background2>
          <MarkColor>255</MarkColor>
          <CursorColor>10789024</CursorColor>
          <CursorText>-2147483634</CursorText>
          <InactiveCursorColor>-2147483645</InactiveCursorColor>
          <InactiveMarkColor>255</InactiveMarkColor>
          <UseInvertedSelection>False</UseInvertedSelection>
          <UseInactiveSelColor>False</UseInactiveSelColor>
          <Overcolor>True</Overcolor>
        </Column>
      </Columns>
    </ColumnsSet>
  </ColumnsSets>
  <Plugins>
    <DsxPlugins/>
    <WcxPlugins>
      <WcxPlugin Enabled="True">
        <ArchiveExt>zip</ArchiveExt>
        <Path>%commander_path%/plugins/wcx/zip/zip.wcx</Path>
        <Flags>735</Flags>
      </WcxPlugin>
      <WcxPlugin Enabled="True">
        <ArchiveExt>tar</ArchiveExt>
        <Path>%commander_path%/plugins/wcx/zip/zip.wcx</Path>
        <Flags>223</Flags>
      </WcxPlugin>
      <WcxPlugin Enabled="True">
        <ArchiveExt>bz2</ArchiveExt>
        <Path>%commander_path%/plugins/wcx/zip/zip.wcx</Path>
        <Flags>91</Flags>
      </WcxPlugin>
      <WcxPlugin Enabled="True">
        <ArchiveExt>tbz</ArchiveExt>
        <Path>%commander_path%/plugins/wcx/zip/zip.wcx</Path>
        <Flags>95</Flags>
      </WcxPlugin>
      <WcxPlugin Enabled="True">
        <ArchiveExt>gz</ArchiveExt>
        <Path>%commander_path%/plugins/wcx/zip/zip.wcx</Path>
        <Flags>91</Flags>
      </WcxPlugin>
      <WcxPlugin Enabled="True">
        <ArchiveExt>tgz</ArchiveExt>
        <Path>%commander_path%/plugins/wcx/zip/zip.wcx</Path>
        <Flags>95</Flags>
      </WcxPlugin>
      <WcxPlugin Enabled="True">
        <ArchiveExt>lzma</ArchiveExt>
        <Path>%commander_path%/plugins/wcx/zip/zip.wcx</Path>
        <Flags>1</Flags>
      </WcxPlugin>
      <WcxPlugin Enabled="True">
        <ArchiveExt>cpio</ArchiveExt>
        <Path>%commander_path%/plugins/wcx/cpio/cpio.wcx</Path>
        <Flags>4</Flags>
      </WcxPlugin>
      <WcxPlugin Enabled="True">
        <ArchiveExt>deb</ArchiveExt>
        <Path>%commander_path%/plugins/wcx/deb/deb.wcx</Path>
        <Flags>4</Flags>
      </WcxPlugin>
      <WcxPlugin Enabled="True">
        <ArchiveExt>rpm</ArchiveExt>
        <Path>%commander_path%/plugins/wcx/rpm/rpm.wcx</Path>
        <Flags>4</Flags>
      </WcxPlugin>
      <WcxPlugin Enabled="True">
        <ArchiveExt>rar</ArchiveExt>
        <Path>%commander_path%/plugins/wcx/unrar/unrar.wcx</Path>
        <Flags>68</Flags>
      </WcxPlugin>
      <WcxPlugin Enabled="True">
        <ArchiveExt>jar</ArchiveExt>
        <Path>%commander_path%/plugins/wcx/zip/zip.wcx</Path>
        <Flags>990</Flags>
      </WcxPlugin>
      <WcxPlugin Enabled="True">
        <ArchiveExt>tlz</ArchiveExt>
        <Path>%commander_path%/plugins/wcx/zip/zip.wcx</Path>
        <Flags>95</Flags>
      </WcxPlugin>
      <WcxPlugin Enabled="True">
        <ArchiveExt>xz</ArchiveExt>
        <Path>%commander_path%/plugins/wcx/zip/zip.wcx</Path>
        <Flags>91</Flags>
      </WcxPlugin>
      <WcxPlugin Enabled="True">
        <ArchiveExt>txz</ArchiveExt>
        <Path>%commander_path%/plugins/wcx/zip/zip.wcx</Path>
        <Flags>95</Flags>
      </WcxPlugin>
      <WcxPlugin Enabled="True">
        <ArchiveExt>zipx</ArchiveExt>
        <Path>%commander_path%/plugins/wcx/zip/zip.wcx</Path>
        <Flags>223</Flags>
      </WcxPlugin>
    </WcxPlugins>
    <WdxPlugins>
      <WdxPlugin>
        <Name>deb_wdx</Name>
        <Path>%COMMANDER_PATH%/plugins/wdx/deb_wdx/deb_wdx.wdx</Path>
        <DetectString>EXT="DEB"</DetectString>
      </WdxPlugin>
      <WdxPlugin>
        <Name>rpm_wdx</Name>
        <Path>%COMMANDER_PATH%/plugins/wdx/rpm_wdx/rpm_wdx.wdx</Path>
        <DetectString>EXT="RPM"</DetectString>
      </WdxPlugin>
      <WdxPlugin>
        <Name>audioinfo</Name>
        <Path>%COMMANDER_PATH%/plugins/wdx/audioinfo/audioinfo.wdx</Path>
        <DetectString>(EXT="MP3") | (EXT="MP2") | (EXT="MP1") | (EXT="OGG") | (EXT="WMA") | (EXT="WAV") | (EXT="VQF") | (EXT="AAC") | (EXT="APE") | (EXT="MPC") | (EXT="FLAC") | (EXT="CDA") | (EXT="TTA") | (EXT="AC3") | (EXT="DTS") | (EXT="WV") | (EXT="WVC") | (EXT="OFR") | (EXT="OFS") | (EXT="M4A") | (EXT="MP4")</DetectString>
      </WdxPlugin>
    </WdxPlugins>
    <WfxPlugins>
      <WfxPlugin Enabled="True">
        <Name>FTP</Name>
        <Path>%commander_path%/plugins/wfx/ftp/ftp.wfx</Path>
      </WfxPlugin>
      <WfxPlugin Enabled="True">
        <Name>Windows Network</Name>
        <Path>%commander_path%/plugins/wfx/samba/samba.wfx</Path>
      </WfxPlugin>
      <WfxPlugin Enabled="True">
        <Name>Network</Name>
        <Path>/home/pavel/applications/doublecmd/gvfs/gvfs.wfx</Path>
      </WfxPlugin>
    </WfxPlugins>
    <WlxPlugins/>
  </Plugins>
  <MainWindow>
    <Position>
      <Left>155</Left>
      <Top>116</Top>
      <Width>1517</Width>
      <Height>859</Height>
      <Maximized>False</Maximized>
      <Splitter>50</Splitter>
      <PixelsPerInch>96</PixelsPerInch>
    </Position>
  </MainWindow>
  <Description>
    <CreateNewUnicode>True</CreateNewUnicode>
    <DefaultEncoding>2</DefaultEncoding>
    <CreateNewEncoding>3</CreateNewEncoding>
  </Description>
  <Editor>
    <EditWaitTime>2000</EditWaitTime>
    <SynEditOptions>856075</SynEditOptions>
  </Editor>
  <SyncDirs>
    <Subdirs>False</Subdirs>
    <ByContent>False</ByContent>
    <IgnoreDate>False</IgnoreDate>
    <FilterCopyRight>True</FilterCopyRight>
    <FilterEqual>True</FilterEqual>
    <FilterNotEqual>True</FilterNotEqual>
    <FilterCopyLeft>True</FilterCopyLeft>
    <FilterDuplicates>True</FilterDuplicates>
    <FilterSingles>True</FilterSingles>
    <FileMask>*</FileMask>
  </SyncDirs>
  <InternalAssociations>
    <OfferToAddNewFileType>False</OfferToAddNewFileType>
    <LastCustomAction>Custom action</LastCustomAction>
    <ExpandedContextMenu>False</ExpandedContextMenu>
    <ExecuteViaShell>False</ExecuteViaShell>
    <OpenSystemWithTerminalClose>False</OpenSystemWithTerminalClose>
    <OpenSystemWithTerminalStayOpen>False</OpenSystemWithTerminalStayOpen>
    <IncludeFileAssociation>False</IncludeFileAssociation>
  </InternalAssociations>
  <TreeViewMenu>
    <UseTVMDirectoryHotlistFMC>False</UseTVMDirectoryHotlistFMC>
    <UseTVMDirectoryHotlistFDC>False</UseTVMDirectoryHotlistFDC>
    <UseTVMFavoriteTabsFMC>False</UseTVMFavoriteTabsFMC>
    <UseTVMFavoriteTabsFDC>False</UseTVMFavoriteTabsFDC>
    <UseTVMDirHistory>False</UseTVMDirHistory>
    <UseTVMViewHistory>False</UseTVMViewHistory>
    <UseTVMCommandLineHistory>False</UseTVMCommandLineHistory>
    <TreeViewMenuShortcutExit>True</TreeViewMenuShortcutExit>
    <TreeViewMenuSingleClickExit>True</TreeViewMenuSingleClickExit>
    <TreeViewMenuDoubleClickExit>True</TreeViewMenuDoubleClickExit>
    <Context00>
      <CaseSensitive>False</CaseSensitive>
      <IgnoreAccents>True</IgnoreAccents>
      <ShowWholeBranchIfMatch>False</ShowWholeBranchIfMatch>
    </Context00>
    <Context01>
      <CaseSensitive>False</CaseSensitive>
      <IgnoreAccents>True</IgnoreAccents>
      <ShowWholeBranchIfMatch>False</ShowWholeBranchIfMatch>
    </Context01>
    <Context02>
      <CaseSensitive>False</CaseSensitive>
      <IgnoreAccents>True</IgnoreAccents>
      <ShowWholeBranchIfMatch>False</ShowWholeBranchIfMatch>
    </Context02>
    <Context03>
      <CaseSensitive>False</CaseSensitive>
      <IgnoreAccents>True</IgnoreAccents>
      <ShowWholeBranchIfMatch>False</ShowWholeBranchIfMatch>
    </Context03>
    <Context04>
      <CaseSensitive>False</CaseSensitive>
      <IgnoreAccents>True</IgnoreAccents>
      <ShowWholeBranchIfMatch>False</ShowWholeBranchIfMatch>
    </Context04>
    <Context05>
      <CaseSensitive>False</CaseSensitive>
      <IgnoreAccents>True</IgnoreAccents>
      <ShowWholeBranchIfMatch>False</ShowWholeBranchIfMatch>
    </Context05>
    <Context06>
      <CaseSensitive>False</CaseSensitive>
      <IgnoreAccents>True</IgnoreAccents>
      <ShowWholeBranchIfMatch>False</ShowWholeBranchIfMatch>
    </Context06>
    <TreeViewMenuUseKeyboardShortcut>True</TreeViewMenuUseKeyboardShortcut>
    <BackgroundColor>-2147483617</BackgroundColor>
    <ShortcutColor>255</ShortcutColor>
    <NormalTextColor>-2147483640</NormalTextColor>
    <SecondaryTextColor>-2147483642</SecondaryTextColor>
    <FoundTextColor>-2147483635</FoundTextColor>
    <UnselectableTextColor>-2147483631</UnselectableTextColor>
    <CursorColor>-2147483635</CursorColor>
    <ShortcutUnderCursor>-2147483634</ShortcutUnderCursor>
    <NormalTextUnderCursor>-2147483634</NormalTextUnderCursor>
    <SecondaryTextUnderCursor>-2147483628</SecondaryTextUnderCursor>
    <FoundTextUnderCursor>65535</FoundTextUnderCursor>
    <UnselectableUnderCursor>-2147483631</UnselectableUnderCursor>
  </TreeViewMenu>
  <FavoriteTabsOptions>
    <FavoriteTabsUseRestoreExtraOptions>False</FavoriteTabsUseRestoreExtraOptions>
    <WhereToAdd>1</WhereToAdd>
    <Expand>True</Expand>
    <GotoConfigAftSav>False</GotoConfigAftSav>
    <GotoConfigAftReSav>False</GotoConfigAftReSav>
    <DfltLeftGoTo>0</DfltLeftGoTo>
    <DfltRightGoTo>1</DfltRightGoTo>
    <DfltKeep>5</DfltKeep>
    <DfltSaveDirHistory>False</DfltSaveDirHistory>
    <FavTabsLastUniqueID>{2F7EB7F0-A782-46EA-BBEB-77FB8FFC78D5}</FavTabsLastUniqueID>
  </FavoriteTabsOptions>
  <HotKeySortOrder>0</HotKeySortOrder>
  <UseEnterToCloseHotKeyEditor>True</UseEnterToCloseHotKeyEditor>
  <LastDoAnyCommand>cm_Refresh</LastDoAnyCommand>
  <MarkMaskCaseSensitive>False</MarkMaskCaseSensitive>
  <MarkMaskIgnoreAccents>False</MarkMaskIgnoreAccents>
  <MarkMaskFilterWindows>False</MarkMaskFilterWindows>
  <MarkShowWantedAttribute>False</MarkShowWantedAttribute>
  <MarkDefaultWantedAttribute/>
  <MarkLastWantedAttribute/>
</doublecmd>
