<?xml version="1.0" encoding="UTF-8"?>
<doublecmd>
  <History>
    <Navigation>
      <Item>/home/pavel/.config/doublecmd/</Item>
      <Item>/home/pavel/.config/</Item>
      <Item>/home/pavel/</Item>
      <Item>/media/DATA/development/the-source-project/srce-hyb2-environment-setup/setup/</Item>
      <Item>/media/DATA/development/the-source-project/srce-hyb2-environment-setup/setup/hybris_package/</Item>
      <Item>/media/DATA/development/the-source-project/srce-hyb2-environment-setup/setup/hybris/</Item>
      <Item>/media/DATA/development/the-source-project/srce-hyb2-environment-setup/</Item>
      <Item>/media/DATA/development/the-source-project/</Item>
      <Item>/media/DATA/development/</Item>
      <Item>/media/DATA/</Item>
      <Item>/media/</Item>
      <Item>/media/DATA/development/cargarantee/</Item>
      <Item>/media/DATA/development/cargarantee/cgbs-pricing/</Item>
      <Item>/media/DATA/development/cargarantee/cgbs-pricing/cgbs-pricing-service/</Item>
      <Item>/media/DATA/development/cargarantee/cgbs-pricing/cgbs-pricing-service/src/</Item>
      <Item>/media/DATA/development/cargarantee/cgbs-pricing/cgbs-pricing-service/src/main/</Item>
      <Item>/media/DATA/development/cargarantee/cgbs-pricing/cgbs-pricing-service/src/main/java/</Item>
      <Item>/media/DATA/development/cargarantee/cgbs-pricing/cgbs-pricing-service/src/main/java/com/</Item>
      <Item>/media/DATA/development/cargarantee/cgbs-pricing/cgbs-pricing-service/src/main/java/com/cargarantie/</Item>
      <Item>/home/pavel/Downloads/</Item>
      <Item>/home/</Item>
      <Item>/</Item>
      <Item>/media/DATA/development/the-source-project/srce-hyb2-environment-setup/scripts/</Item>
      <Item>/media/DATA/development/the-source-project/srce-hyb2-environment-setup/apps/</Item>
      <Item>/media/DATA/development/the-source-project/srce-hyb2-environment-setup/jenkins/</Item>
      <Item>/media/DATA/development/the-source-project/srce-hyb2-environment-setup/jenkins/thinbackups/</Item>
      <Item>/media/DATA/development/the-source-project/srce-hyb2-environment-setup/jenkins/scripts/</Item>
      <Item>/media/DATA/development/the-source-project/srce-hyb2-environment-setup/jenkins/log_parser/</Item>
      <Item>/media/DATA/development/the-source-project/old/</Item>
      <Item>/home/pavel/Documents/</Item>
      <Item>/home/pavel/applications/</Item>
      <Item>/media/DATA/documents/</Item>
      <Item>/mnt/</Item>
      <Item>/home/pavel/development/</Item>
      <Item>/home/pavel/development/the_source/</Item>
      <Item>/home/pavel/development/the_source/srce-hyb2/</Item>
      <Item>/home/pavel/development/the_source/srce-hyb2/hybris/</Item>
      <Item>/home/pavel/development/the_source/srce-hyb2/hybris/bin/</Item>
      <Item>/home/pavel/development/the_source/srce-hyb2/hybris/bin/custom/</Item>
      <Item>/home/pavel/development/the_source/srce-hyb2/hybris/bin/custom/ts/</Item>
      <Item>/home/pavel/development/the_source/srce-hyb2/hybris/bin/custom/ts/tsmigration/</Item>
      <Item>/home/pavel/development/the_source/srce-hyb2/hybris/bin/custom/ts/tsmigration/resources/</Item>
      <Item>/media/DATA/documents/epam/</Item>
      <Item>/home/pavel/development/the_source/srce-hyb2/hybris/bin/custom/ts/tsmigration/resources/tsmigration/</Item>
      <Item>/home/pavel/development/the_source/hybris/</Item>
      <Item>/media/DATA/development/cargarantee/cgbs-pricing/cgbs-pricing-service/src/main/java/com/cargarantie/api/</Item>
      <Item>/media/DATA/development/cargarantee/cgbs-pricing/cgbs-pricing-web/</Item>
      <Item>/media/DATA/development/cargarantee/cgbs-pricing/cgbs-pricing-web/src/</Item>
      <Item>/media/DATA/development/cargarantee/cgbs-pricing/cgbs-pricing-web/src/main/</Item>
      <Item>/media/DATA/development/cargarantee/cgbs-pricing/cgbs-pricing-web/src/main/java/</Item>
      <Item>/media/DATA/development/cargarantee/cgbs-pricing/cgbs-pricing-web/src/main/java/com/</Item>
    </Navigation>
    <CommandLine/>
    <FileMask>
      <Item>27</Item>
      <Item>tsmigration</Item>
      <Item>solr</Item>
      <Item>sorl</Item>
      <Item>target</Item>
      <Item>*.class</Item>
      <Item>Scorecard.jsp</Item>
      <Item>*.iml</Item>
      <Item>*</Item>
      <Item>atom</Item>
      <Item>skype</Item>
    </FileMask>
    <SearchText>
      <Item>occ-coll-container</Item>
      <Item>Solr</Item>
      <Item>to Solr</Item>
      <Item>Sending stop command to Solr</Item>
      <Item>batchFilesSrce.adapter.source</Item>
      <Item>C:</Item>
      <Item>C:/master</Item>
      <Item>2.118</Item>
    </SearchText>
    <SearchTextPath/>
    <ReplaceText/>
    <ReplaceTextPath/>
    <SearchDirectories>
      <Item>/home/pavel/development/the_source/srce-hyb2/hybris/bin/custom/ts/</Item>
      <Item>/home/pavel/development/the_source/srce-hyb2/</Item>
      <Item>/home/pavel/development/the_source/hybris/bin/</Item>
      <Item>/home/pavel/development/the_source/hybris/bin/ext-backoffice/</Item>
      <Item>/home/pavel/development/the_source/</Item>
      <Item>/home/pavel/development/the_source/hybris/data/</Item>
      <Item>/home/pavel/development/the_source/hybris/bin/platform/</Item>
      <Item>/home/pavel/development/the_source/hybris/</Item>
      <Item>/media/DATA/development/the-source-project/the_source/srce-hyb2/hybris/bin/custom/ts/</Item>
      <Item>/media/DATA/development/the-source-project/the_source/</Item>
      <Item>/media/DATA/development/the-source-project/the_source/srce-hyb2/hybris/bin/custom/ts/tsmigration/resources/tsmigration/</Item>
      <Item>/media/DATA/development/cargarantee/</Item>
    </SearchDirectories>
    <SearchExcludeFiles/>
    <SearchExcludeDirectories/>
  </History>
</doublecmd>
